"Model","Max_Rhat","Min_neff"
"Model A",1.0208892901125,100
"Model B",1.01405966390148,180
"Ref: Linear",1.00974196876388,250
"Lumped NMA",1.0093704614867,1
