"agent","emax","ed50","max_equiv_dose","d_true","true_rank"
"citalopram",1.96,91,60,0.778807947019868,1
"escitalopram",1.13,70.8,62.2222222222222,0.528566655529569,3
"fluoxetine",0.51,77.1,60,0.223194748358862,5
"paroxetine",2.4,104.1,47.0588235294118,0.747168930225318,2
"sertraline",0.82,58.4,81.1359026369168,0.476805172754655,4
