"Model","Max_Rhat","Min_neff"
"Model A",1.03091187927637,320
"Model B",1.10178003857982,25
"Ref: Linear",1.01301138458382,270
"Lumped NMA",1.01050739128685,1
